<?xml version="1.0" encoding="UTF-8"?>
<project-private xmlns="http://www.netbeans.org/ns/project-private/1">
    <editor-bookmarks xmlns="http://www.netbeans.org/ns/editor-bookmarks/2" lastBookmarkId="0"/>
    <open-files xmlns="http://www.netbeans.org/ns/projectui-open-files/2">
        <group>
            <file>file:/C:/Users/ken/Documents/NetBeansProjects/CS557_Lecture02/public_html/eval_demo.html</file>
            <file>file:/C:/Users/ken/Documents/NetBeansProjects/CS557_Lecture02/public_html/cost_estimate.html</file>
        </group>
    </open-files>
</project-private>
