<?xml version="1.0" encoding="UTF-8"?>
<project-private xmlns="http://www.netbeans.org/ns/project-private/1">
    <editor-bookmarks xmlns="http://www.netbeans.org/ns/editor-bookmarks/2" lastBookmarkId="0"/>
    <open-files xmlns="http://www.netbeans.org/ns/projectui-open-files/2">
        <group>
            <file>file:/C:/Users/ken/SkyDrive/Documents/CS557/ArraysAndFlowControls/public_html/physicsquiz_1_1_1.html</file>
            <file>file:/C:/Users/ken/SkyDrive/Documents/CS557/ArraysAndFlowControls/public_html/physicsquiz_1_1.html</file>
            <file>file:/C:/Users/ken/SkyDrive/Documents/CS557/ArraysAndFlowControls/public_html/physicsquiz_1.html</file>
            <file>file:/C:/Users/ken/SkyDrive/Documents/CS557/ArraysAndFlowControls/public_html/do_while_statement.html</file>
            <file>file:/C:/Users/ken/SkyDrive/Documents/CS557/ArraysAndFlowControls/public_html/for_statements.html</file>
        </group>
    </open-files>
</project-private>
