<?xml version="1.0" encoding="UTF-8"?>
<project-private xmlns="http://www.netbeans.org/ns/project-private/1">
    <editor-bookmarks xmlns="http://www.netbeans.org/ns/editor-bookmarks/2" lastBookmarkId="0"/>
    <open-files xmlns="http://www.netbeans.org/ns/projectui-open-files/2">
        <group>
            <file>file:/C:/Users/ken/SkyDrive/Documents/CS557/browserobjectmodel/public_html/bom_examples/mouse_clicks.html</file>
            <file>file:/C:/Users/ken/SkyDrive/Documents/CS557/browserobjectmodel/public_html/bom_examples/window_open.html</file>
            <file>file:/C:/Users/ken/SkyDrive/Documents/CS557/browserobjectmodel/public_html/bom_examples/timeouts.html</file>
            <file>file:/C:/Users/ken/SkyDrive/Documents/CS557/browserobjectmodel/public_html/bom_examples/setinterval.html</file>
            <file>file:/C:/Users/ken/SkyDrive/Documents/CS557/browserobjectmodel/public_html/bom_examples/location.html</file>
        </group>
    </open-files>
</project-private>
