<?xml version="1.0" encoding="UTF-8"?>
<project-private xmlns="http://www.netbeans.org/ns/project-private/1">
    <editor-bookmarks xmlns="http://www.netbeans.org/ns/editor-bookmarks/2" lastBookmarkId="0"/>
    <open-files xmlns="http://www.netbeans.org/ns/projectui-open-files/2">
        <group>
            <file>file:/D:/NetBeansProjects/IntroHTML/public_html/EnhancedFirstPage.html</file>
            <file>file:/D:/NetBeansProjects/IntroHTML/public_html/index.html</file>
            <file>file:/D:/NetBeansProjects/IntroHTML/public_html/FirstJavaScriptPage.html</file>
            <file>file:/D:/NetBeansProjects/IntroHTML/public_html/firstHTML.html</file>
            <file>file:/D:/NetBeansProjects/IntroHTML/public_html/OrderForm.html</file>
            <file>file:/D:/NetBeansProjects/IntroHTML/public_html/PizzaPage.html</file>
            <file>file:/D:/NetBeansProjects/IntroHTML/public_html/EnhancedOrderForm.html</file>
        </group>
    </open-files>
</project-private>
